question title,question details,link,date,topic
Home Office for Tax retun,"I am doing full time job. I do a 2-day Home Office for 5 working days in a week. I have a dedicated room (15 m2 ) with a work table and a few other related items. I have collected the bill of these equipement. Other than this, what kind of documents or proof do I need for a tax return?

On the 2024 tax return, I also mentioned the home office stuff and days, but it seems I didn't get any return for the home office.

I have looked on the internet: It says I will get 1. Per day return 2. Equipment purchases return. I am using the Smartsteuer platform.",https://www.reddit.com/r/germany/comments/1rh907j/home_office_for_tax_retun/,6 mo ago,home office
How Do I Go About Doing A Tax Write Off For A New Laptop?,"For context, I'm a freelance journalist with a state business license, earning what's closer to a side hustle income. My current laptop is 5/6 years old and on its last legs, so I'm considering replacing it with the new Apple M4 MacBook Pro—though the price point is a tough pill to swallow.

A mentor suggested I speak to an accountant about possibly writing off the laptop as a business expense, as it's a piece of ""equipment"" I use daily writing for multiple publications. However, as prefaced in the beginning, I don't have ""accountant"" money right now.",https://www.reddit.com/r/freelanceWriters/comments/1gjms00/how_do_i_go_about_doing_a_tax_write_off_for_a_new/,2y ago,laptop spending
"Meta Ads und Tools laufen noch über privateKreditkarte, wie schnell trennen?","Ich bin nebenberuflich selbstständig und bezahle aktuell Meta Ads, Canva, Hosting und ein paar Tools über meine private Kreditkarte. Umsatz ist noch klein, aber es wird langsam unübersichtlich.

Buchhaltung mache ich bisher selbst. Es nervt jetzt schon, private Amazon-Sachen, Supermarkt und BusinessAusgaben auf einer Abrechnung zu haben.

Ab wann würdet ihr eine separate Kreditkarte oder Firmenkarte nehmen? Direkt jetzt, auch wenn es noch klein ist, oder erst wenn wirklich regelmäßig Umsatz reinkommt? Ich will nicht unnötig komplizieren, aber später auch nicht alles auseinanderziehen müssen.",https://www.reddit.com/r/selbststaendig/comments/1viunkl/meta_ads_und_tools_laufen_noch_%C3%BCber/,7d ago,marketing spent
Firmenwagen mit primär Home Office,"Ich würde mir gerne ein Auto kaufen, am besten als Firmenwagen (rein elektrisch). Habe aber das Problem, dass ich fast ausschließlich im Homeoffice arbeite. Ab und zu gehe ich in ein Coworking Space und seltener auch zu Kundenterminen/Veranstaltungen.

Das würde ich wahrscheinlich in Zukunft dann auch ein bisschen öfter wahrnehmen, wenn ich ein Auto habe. Nun habe ich aber das Problem, dass es diese 50%-Hürde gibt und das entsprechend schwieriger wird.

Hat hier jemand die ähnliche Situation? Wird das überhaupt beachtet oder ist das eigentlich egal?

Aktuell habe ich ein Deutschland-Ticket und eine Bahncard 50, die würde ich dann entsprechend kündigen.

Ich weiß nicht, ob ich mir da zu viel Stress mache oder ob das wirklich ein valides K.O.-Kriterium ist.",https://www.reddit.com/r/selbststaendig/comments/1vhyh8r/firmenwagen_mit_prim%C3%A4r_home_office/,8d ago,vehicle spent
Gewerbeanmeldung bei Partyverleih,"Hallo, wenn man im Verleihgeschäft einsteigen möchte (hier konkret Partyzubehör wie Bierbänke und Zelte, die eh rumstehen. Die Idee war noch auf Hüpfburgen zu erweitern)

Ist hier eine Gewerbliche Anmeldung notwendig?

Welche Steuern bzw. Sozialabgaben sind zu leisten?

Muss sowas zwingend den Arbeitgeber gemeldet werden?

Bundesland: Niedersachsen (falls es wichtig wäre)

Erwarteter Umsatz: unter 3000 Euro im Jahr. Als kleines Mini-Einkommen. Zusätzlich Arbeitnehmer.

Frage für ein Kollegen, der mir neulich seine schon sehr konkrete Idee mit Preisen an der Kaffeeküche erzählt hat und ich als Laie überrascht wie einfach bzw. naiv das gehen soll. Klang alles nach Bargeldgeschäft ohne Rechnung.",https://www.reddit.com/r/selbststaendig/comments/1v2gfbq/gewerbeanmeldung_bei_partyverleih/,25d ago,
Einzelunternehmer / Homeoffice-Tagespauschale,"Kann ein Einzelunternehmer mit Kleingewerbe die Homeoffice-Tagespauschale (§ 4 Abs. 5 Satz 1 Nr. 6c EStG) als Betriebsausgabe in der EÜR geltend machen, wenn die Betriebsstätte des Gewerbes an seiner privaten Wohnadresse gemeldet ist und er dort zu Hause die betriebliche Tätigkeit (z. B. Bildbearbeitung, Verwaltung) ausübt?

Option A: Ja, möglich
Die Gewerbeadresse allein entscheidet nicht. Entscheidend ist, dass die betriebliche Tätigkeit tatsächlich in der häuslichen Wohnung ausgeübt wird.
→ Auch bei gleicher Wohn- und Gewerbeadresse kann die Homeoffice-Tagespauschale als Betriebsausgabe möglich sein.

Option B: Nein, nicht möglich
Ist die Wohnung gleichzeitig die Betriebsstätte des Gewerbes, arbeitet der Unternehmer nicht „im Homeoffice“, sondern an seiner Betriebsstätte.
→ Die Tagespauschale wäre dann ausgeschlossen",https://www.reddit.com/r/selbststaendig/comments/1v03q8i/einzelunternehmer_homeofficetagespauschale/,28d ago,
"Erstes Firmenauto als Einzelunternehmer kaufen – Vorsteuer, Abschreibung, Fahrtenbuch?","ich habe ein Kleingewerbe im Bereich Gartenbau als Einzelunternehmer und bin seit Juni 2025 umsatzsteuerpflichtig. Ich möchte mir jetzt zum ersten Mal ein Auto gewerblich kaufen und habe damit noch keine Erfahrung.

Das Auto kostet 9.100 € netto, die MwSt. ist laut Anzeige ausweisbar. Ich würde das Fahrzeug voraussichtlich zu ca. 95% gewerblich nutzen, privat nur sehr wenig. Es geht vor allem um Fahrten zu Kunden, Baustellen, Material, Werkzeug usw.

Meine Fragen:

Wird der Nettobetrag dann über mehrere Jahre abgeschrieben oder kann ich den direkt komplett absetzen?

Wie muss ich die private Nutzung behandeln, wenn ich wirklich fast nur gewerblich fahre?

Was muss ich bei Versicherung, Zulassung und späterem Verkauf beachten?

Gibt es etwas, worauf ich beim Kaufvertrag/Rechnung unbedingt achten muss, z. B. keine Differenzbesteuerung?

Ich will es von Anfang an sauber machen und keine Fehler bei Umsatzsteuer, EÜR oder Vorsteuer machen. Steuerberater werde ich auch fragen, aber ich möchte vorher grob verstehen, worauf ich achten muss.
",https://www.reddit.com/r/selbststaendig/comments/1u77pp4/erstes_firmenauto_als_einzelunternehmer_kaufen/,2mo ago,
Umsatzsteuervoranmeldung Gewerbeleasing als Selbstständiger,"ich lease seit Januar 2026 einen Wagen, den ich mehr als 50% dienstlich nutze (kein Weg ins Büro, überwiegend Fahrten zu Kunden). Ich habe mich aus bequemlichkeitsgründen für die 1% Methode entschieden und bin damit auch fein. Nun muss ich meine Umsatzsteuervoranmeldung für Q1 2026 in Elster (Finanzamt) machen und stehe wie der Ochs' vorm Berg. Verstehe ich es richtig, dass ich 1% des Bruttolistenpreises (ca. 30.000€ also 300€ pro Monat also in meinem Fall 900€ weil Q1) als zusätzlichen Gewinn versteuern und in Elster auch angeben muss? Dafür darf ich dann alle bisher entstandenen Kosten per Vorsteuer wieder abziehen, um meinen Gewinn zu mindern. Läuft das so, oder habe ich einen Denkfehler? Gehört das alles überhaupt in die Umsatzsteuervoranmeldung oder ist das erst am Ende des Jahres ein Thema? Mir raucht der Kopf, danke schon mal vorab.",https://www.reddit.com/r/selbststaendig/comments/1sfm8vl/umsatzsteuervoranmeldung_gewerbeleasing_als/,4mo ago,
Kurze Frage zum Steuerbescheid,"Ich habe ein Kleingewerbe mit Kleinunternehmerregelung. Ich muss meine Einkommenssteuererklärung machen und bei der Gewerbesteuer liege ich unter der Freigrenze (mache dann eine Nullmeldung über ELSTER). Was bekomme ich an Steuerbescheiden zurück? Steuerbescheid für die Einkommenssteuer und dann noch einen für die Gewerbesteuer? Umsatzsteuer muss ich nicht machen.


",https://www.reddit.com/r/selbststaendig/comments/1sf9qii/kurze_frage_zum_steuerbescheid/,4mo ago,
"Freelancer in Deutschland: Gibt es eine clevere Möglichkeit, ein E-Bike als Betriebsausgabe anzusetzen?",https://www.reddit.com/r/selbststaendig/comments/1s7jlkd/freelancer_in_deutschland_gibt_es_eine_clevere/,,5mo ago,